signature,p_value,significant
SBS96I,6.953518473463206e-274,True
SBS96D,5.970424313975835e-07,True
SBS96B,3.6971102090169472e-06,True
SBS96A,1.76672999036111e-05,True
SBS96C,0.0008063666205755418,True
SBS96H,0.05584544018746676,False
SBS96G,0.077485271911063,False
SBS96J,0.1289038692848144,False
SBS96K,0.1930339098515254,False
SBS96E,0.35749306144584503,False
SBS96F,0.7761237270351331,False
