signature,p_value,significant
SBS96L,4.386541254535236e-212,True
SBS96G,1.65971367829123e-11,True
SBS96B,3.699730206009939e-08,True
SBS96E,4.389363375547825e-08,True
SBS96M,1.032970823208813e-06,True
SBS96A,8.600361626887322e-06,True
SBS96C,0.00013561393812573392,True
SBS96H,0.0012831639078293483,True
SBS96K,0.006612596941036628,True
SBS96F,0.008393271281028335,True
SBS96D,0.014234706053267814,True
SBS96J,0.30507508724167465,False
SBS96I,0.3761478790960181,False
