signature,p_value,significant
SBS96B,8.742902139910473e-102,True
SBS96A,3.432318453746432e-89,True
SBS96F,9.111105838060266e-37,True
SBS96C,1.640026630167643e-35,True
SBS96D,4.706139611162818e-24,True
SBS96E,2.7078670873369128e-20,True
