signature,p_value,significant
SBS96A,2.909944583088331e-70,True
SBS96B,5.623200653528133e-61,True
SBS96D,4.157198957131559e-43,True
SBS96C,1.0144599267467282e-38,True
SBS96E,3.552290169997988e-28,True
SBS96J,6.332328647893387e-18,True
SBS96H,9.523280906515587e-15,True
SBS96I,2.702522695951451e-11,True
SBS96G,2.5173044259658737e-09,True
SBS96F,2.7035312628786955e-08,True
SBS96L,2.0219918113198427e-05,True
SBS96K,0.0020892096152037914,True
