signature,p_value,significant
SBS96F,6.219471992879275e-218,True
SBS96E,9.508991448833337e-177,True
SBS96B,4.893955466645486e-18,True
SBS96A,5.139273428448837e-09,True
SBS96K,9.850335682927733e-09,True
SBS96H,6.698988378670072e-07,True
SBS96D,1.9478302949725135e-06,True
SBS96C,3.3967410296444876e-06,True
SBS96G,7.256527228026155e-05,True
SBS96I,0.0017549323282308603,True
SBS96J,0.010658098876442104,True
