signature,p_value,significant
SBS96G,4.70053e-318,True
SBS96B,2.746264009953429e-07,True
SBS96A,5.215235055596475e-07,True
SBS96I,1.100045027624163e-06,True
SBS96H,2.4906174996618385e-06,True
SBS96E,1.3666690267598594e-05,True
SBS96C,0.0014552900492268205,True
SBS96D,0.02645268081396113,True
SBS96F,0.06253404374915635,False
