signature,p_value,significant
SBS96D,3.2390662142606395e-23,True
SBS96C,4.792942795743939e-08,True
SBS96E,2.135604450495271e-05,True
SBS96A,0.0008485204401680718,True
SBS96B,0.24014039302749227,False
