signature,p_value,significant
SBS96C,3.880833978778233e-45,True
SBS96B,2.031341855298709e-10,True
SBS96D,7.010255780683431e-08,True
SBS96A,1.5950491981876684e-05,True
