signature,p_value,significant
SBS96H,1.65173875668166e-291,True
SBS96C,9.046951970373432e-09,True
SBS96B,1.75004819340142e-05,True
SBS96A,8.518423209738258e-05,True
SBS96I,0.0037993132757664187,True
SBS96E,0.010674991622997206,True
SBS96J,0.025957857424445733,True
SBS96D,0.119974551235059,False
SBS96F,0.394763070850494,False
SBS96G,0.636234148371104,False
