signature,p_value,significant
SBS96L,5.165986811664143e-146,True
SBS96E,1.9726870997133654e-71,True
SBS96H,1.1011779936594575e-55,True
SBS96B,2.6729873176095994e-30,True
SBS96C,6.273217160429808e-28,True
SBS96A,3.257238541076279e-27,True
SBS96D,1.808620642449644e-08,True
SBS96J,0.00019135014849822298,True
SBS96K,0.0002151754809354617,True
SBS96G,0.004361496388737203,True
SBS96F,0.008437421412940738,True
SBS96I,0.008463136153432868,True
SBS96M,0.20396991932483421,False
