signature,p_value,significant
SBS96D,1.8249553038681607e-172,True
SBS96C,4.66345044650074e-39,True
SBS96A,7.477959262672203e-23,True
SBS96B,7.26764096785015e-14,True
SBS96G,2.088755887268817e-09,True
SBS96H,3.2851563087486645e-09,True
SBS96F,1.2800829816649397e-07,True
SBS96E,0.047763855749701115,True
