signature,p_value,significant
SBS96D,1.1620838504690223e-140,True
SBS96G,2.941270090882273e-35,True
SBS96C,4.811304943918639e-31,True
SBS96E,3.048909172836418e-30,True
SBS96F,0.0008511460793600272,True
SBS96A,0.003939724109182364,True
SBS96B,0.012612492236172678,True
