signature,p_value,significant
SBS96A,1.67985936e-316,True
SBS96B,3.128230072600523e-71,True
SBS96C,1.8221326196390346e-47,True
