signature,p_value,significant
SBS96G,9.565521240549505e-301,True
SBS96E,2.3426261396030234e-262,True
SBS96I,8.14552727998969e-159,True
SBS96B,2.2412556344673463e-37,True
SBS96A,2.690127576502583e-32,True
SBS96H,1.6562142936683634e-21,True
SBS96D,2.766706267337146e-16,True
SBS96C,8.17930884763206e-12,True
SBS96F,0.0024048960173759233,True
