signature,p_value,significant
SBS96B,1.5996396052915993e-147,True
SBS96A,2.768571720319537e-125,True
SBS96C,5.123869389228425e-46,True
SBS96D,1.3077836124849418e-33,True
SBS96E,1.751819155892925e-20,True
