signature,p_value,significant
SBS96H,5.86730144330826e-250,True
SBS96D,1.0874492416695856e-09,True
SBS96J,0.0007261258354223492,True
SBS96F,0.03887596035222086,True
SBS96B,0.041234661221972016,True
SBS96A,0.04880665450339245,True
SBS96I,0.07568270398281628,False
SBS96E,0.08546122091625478,False
SBS96C,0.13179420742789394,False
SBS96K,0.15485499624357918,False
SBS96L,0.28029888803180925,False
SBS96N,0.3901990073898397,False
SBS96G,0.8122233432753492,False
SBS96M,0.9758709878262875,False
