signature,p_value,significant
SBS96G,2.077300143233875e-219,True
SBS96J,6.812444859298847e-154,True
SBS96A,1.407087561535298e-21,True
SBS96E,3.3570672866675576e-13,True
SBS96H,3.934078927382758e-13,True
SBS96B,2.3643297835756833e-11,True
SBS96D,1.0448757720094612e-05,True
SBS96C,2.8874864082933245e-05,True
SBS96I,0.006081502603369987,True
SBS96L,0.2584333696828266,False
SBS96F,0.32533609822099974,False
SBS96K,0.7210435671365938,False
