signature,p_value,significant
SBS96A,6.92554456654763e-210,True
SBS96B,6.92554456654763e-210,True
