signature,p_value,significant
SBS96A,3.39575046063197e-50,True
SBS96B,2.1336281963346165e-45,True
SBS96C,1.0038920143441976e-21,True
