signature,p_value,significant
SBS96G,0.0,True
SBS96D,5.924060706516021e-12,True
SBS96E,7.935588156528842e-09,True
SBS96C,1.6725060490523765e-07,True
SBS96A,1.935249829808387e-05,True
SBS96B,3.526558794115027e-05,True
SBS96F,0.13302057579369655,False
