signature,p_value,significant
SBS96E,2.014604581960951e-276,True
SBS96C,4.599928011920866e-78,True
SBS96A,4.95649397175028e-74,True
SBS96D,3.651262438828142e-43,True
SBS96B,7.90535364934215e-39,True
SBS96F,3.829671737872162e-21,True
