Catalog,Signatures,Method,Silhouette,DaviesBouldin,CalinskiHarabasz
SBS96,7,UMAP,0.16431545354930355,1.3337950738601725,103.01832948486208
