signature,p_value,significant
SBS96G,1.046902879385531e-196,True
SBS96H,1.2479719427591247e-18,True
SBS96F,1.564949986157511e-16,True
SBS96D,4.2700172367576685e-06,True
SBS96E,0.004500926632742248,True
SBS96A,0.0048688577569922205,True
SBS96C,0.008016139707181093,True
SBS96B,0.4027645411801397,False
