signature,p_value,significant
SBS96G,3.612754408445769e-192,True
SBS96J,8.870838325875274e-127,True
SBS96H,1.5095912542579724e-110,True
SBS96E,2.1891061461799402e-110,True
SBS96B,3.393334324910019e-36,True
SBS96C,9.965308882409784e-36,True
SBS96A,1.2012521085719231e-35,True
SBS96D,1.3224444517925277e-25,True
SBS96I,5.593815416449934e-16,True
SBS96F,1.514243647600881e-12,True
