signature,p_value,significant
SBS96A,3.1863688812031443e-199,True
SBS96C,1.7392951335236533e-55,True
SBS96B,9.12699837482678e-31,True
SBS96D,2.46188572066519e-23,True
